---
layout: null
---
<?xml version="1.0" encoding="utf-8"?>
<feed xmlns="http://www.w3.org/2005/Atom" xml:lang="{{ site.lang }}">
<generator uri="https://jekyllrb.com/" version="{{ jekyll.version }}">Jekyll</generator>
<link href="{{ page.url | absolute_url }}" rel="self" type="application/atom+xml" />
<link href="{{ '/' | absolute_url }}" rel="alternate" type="text/html" hreflang="{{ site.lang }}" />
<updated>{{ site.time | date_to_xmlschema }}</updated>
<id>{{ '/' | absolute_url | xml_escape }}</id>
<title type="html">{{ site.title | smartify | xml_escape }}</title>
<subtitle>{{ site.description | smartify | xml_escape }}</subtitle>
<author>
  <name>{{ site.data.authors[site.author].name | xml_escape }}</name>
  <email>{{ site.data.authors[site.author].email | xml_escape }}</email>
  <uri>{{ site.data.authors[site.author].url | absolute_url | xml_escape }}</uri>
</author>

{%- assign posts = site.posts | where_exp: "post", "post.draft != true" %}
{%- assign limit = site.feed_limit | default: 10 %}
{% for post in posts limit: limit %}
<entry{% if post.lang %}{{" "}}xml:lang="{{ post.lang }}"{% endif %}>
<title type="html">{{ post.title | smartify | strip_html | normalize_whitespace | xml_escape }}</title>
<summary type="html">{{ post.subtitle | default: post.excerpt | strip_html | normalize_whitespace | xml_escape }}</summary>
<link href="{{ post.url | absolute_url }}" rel="alternate" type="text/html" title="{{ post.title | xml_escape }}" />
<published>{{ post.date | date_to_xmlschema }}</published>
<updated>{{ post.last_modified_at | default: post.date | date_to_xmlschema }}</updated>
<id>{{ post.id | absolute_url | xml_escape }}</id>
{%- assign authors = post.author | default: site.author %}
{%- for author in authors %}
<author>
  <name>{{ site.data.authors[author].name | xml_escape }}</name>
  {%- if site.data.authors[author].email %}
  <email>{{ site.data.authors[author].email | xml_escape }}</email>
  {%- endif %}
  {%- if site.data.authors[author].url %}
  <uri>{{ site.data.authors[author].url | absolute_url | xml_escape }}</uri>
  {%- endif %}
</author>
{%- endfor -%}
{%- for item in post.categories %}
<category term="{{item}}" label="{{ site.data.labels.categories[item] | xml_escape }}" scheme="{{ '/categories/' | absolute_url | xml_escape }}" />
{%- endfor %}
{%- for item in post.tags %}
<category term="{{item}}" label="{{ site.data.labels.tags[item] | xml_escape }}" scheme="{{ '/tags/' | absolute_url | xml_escape }}" />
{%- endfor %}
<content type="html" xml:base="{{ post.url | absolute_url | xml_escape }}">
{%- if post.subtitle %}
{{ '<p><em>' | append: post.subtitle | append: '</em></p>' | strip | xml_escape }}
{% endif %}
{{ post.content | strip | xml_escape }}
</content>
</entry>
{% endfor %}

</feed>
